theta0,theta1,a,b,c,d
0.9393189492556677,-1.0035757308734141,22899.0,240000.0,3650.0,8290.0
