theta0,theta1,Xmin,Xmax,ymin,ymax
0.6651943253872181,-0.2800361549135054,22899.0,240000.0,3650.0,8290.0
