theta0,theta1,Xmin,Xmax,ymin,ymax
0.054754614501955484,0.01401226625027586,22899.0,240000.0,3650.0,8290.0
