theta0,theta1
-14120.367612091959,0.0740431983837165
