theta0,theta1,Xmin,Xmax,ymin,ymax
0.9393189492556677,-1.0035757308734141,22899.0,240000.0,3650.0,8290.0
