theta0,theta1,Xmin,Xmax,ymin,ymax
0.9393189664851309,-1.0035757214292809,22899.0,240000.0,3650.0,8290.0
