theta0,theta1
8499.599872750598,-0.020206666136460823
